individuo,XBEB,XBBB
solucion1,2.5698165544055724,0.8012738506796868
